,conn_frontal_central,conn_frontal_parietal,conn_frontal_occipital,conn_frontal_temporal,conn_central_parietal,conn_central_occipital,conn_central_temporal,conn_parietal_occipital,conn_parietal_temporal,conn_occipital_temporal,strength,efficiency,modularity,clustering,path_length,psd_delta_frontal,rel_power_delta_frontal,psd_delta_central,rel_power_delta_central,psd_delta_parietal,rel_power_delta_parietal,psd_delta_occipital,rel_power_delta_occipital,psd_delta_temporal,rel_power_delta_temporal,psd_theta_frontal,rel_power_theta_frontal,psd_theta_central,rel_power_theta_central,psd_theta_parietal,rel_power_theta_parietal,psd_theta_occipital,rel_power_theta_occipital,psd_theta_temporal,rel_power_theta_temporal,psd_alpha_frontal,rel_power_alpha_frontal,psd_alpha_central,rel_power_alpha_central,psd_alpha_parietal,rel_power_alpha_parietal,psd_alpha_occipital,rel_power_alpha_occipital,psd_alpha_temporal,rel_power_alpha_temporal,psd_beta_frontal,rel_power_beta_frontal,psd_beta_central,rel_power_beta_central,psd_beta_parietal,rel_power_beta_parietal,psd_beta_occipital,rel_power_beta_occipital,psd_beta_temporal,rel_power_beta_temporal,psd_gamma_frontal,rel_power_gamma_frontal,psd_gamma_central,rel_power_gamma_central,psd_gamma_parietal,rel_power_gamma_parietal,psd_gamma_occipital,rel_power_gamma_occipital,psd_gamma_temporal,rel_power_gamma_temporal
S01,0.9100221605255152,0.3898029112596597,0.1591846512730298,-0.6189121858476762,0.6713722666047991,0.1632181242432756,0.34610430369984335,-0.49763784971512487,-0.5614872162609913,-0.34736134488449755,2.291729486118026,1.0,2.220446049250313e-16,0.5692061252881258,0.5485123051678381,-0.877982586515957,0.24956839123925906,0.950307592012238,0.2605535519400735,1.958347454234703,0.5519052224850082,0.5471191152330714,0.41946943231769873,-1.5030803013102665,0.5296714520297523,1.443632003492421,0.6068082829381904,0.33505802915564714,0.5494654483243985,-0.584617730477769,0.1224568227566894,-0.8567720935912383,0.1132599942094996,1.0587285299185685,0.10471220852764417,-1.2883076171008734,0.3038482427240754,-0.9858038083998302,0.5353262364559891,-0.325611052010016,0.17803480163960614,1.6406145635076734,0.2790428251039224,0.7938184671890272,0.15621063161400073,0.5914421518072078,0.33200075489313624,0.7424589136402144,0.17216419168496694,0.72282689503405,0.12875606452853877,0.6037905203325677,0.22229254892377576,0.13592456730563893,0.09876903768143305,-0.5479053040339724,0.10919322608817378,-1.349773068995576,0.24611140006925436,0.864824438533124,0.026763945852525343,-1.2498203392403926,0.2759224553782259,1.14006784652714,0.13218548557766507
S02,-0.5236627061217489,0.022779040542657683,0.14895527698962285,-0.9195391783201499,-0.8593399679832655,0.9039522765559025,0.9616484340953263,0.303785293620036,-0.09605029986356095,-0.40703475765698544,2.3414716531176496,1.0,0.0,0.6797214687218363,0.5762771992122069,-0.8268803538112425,0.19593964966880872,1.7106133726000008,0.08751404954261031,-0.4479144795304801,0.059388561060031285,1.0536123992785276,0.3689584662433691,0.9703933898847447,0.09620692451496077,-0.6992382170839058,0.0405952160464261,0.31615595725567286,0.19238173479668302,0.8291298273797567,0.35505603793983476,-0.16552815123532577,0.2156280976592786,-1.0676348503101287,0.41890629703440113,0.2927154822164769,0.2152512561338764,-0.28415509779593323,0.27591501320266276,-0.6392305610906297,0.15418176326668256,-2.0579667526137517,0.47774106931540994,-0.39294200165827137,0.08252315666454951,0.6802203605273416,0.24355644163812606,-0.6375875418867727,0.1368147017349668,0.11179915829281062,0.3268563949085386,-1.3766142979265363,0.3484719423435887,-1.733469497470162,0.4173110302349437,0.36102514521245144,0.3911389771858987,1.768169293076848,0.1412021092298885,0.9533975332765225,0.6298113016787912,-0.2652375403398282,0.4185775917491796,-0.8370901333840759,0.15492299945395743
S03,0.47249437340408107,0.8735994510725745,0.7442794750120758,0.15794027331752938,-0.5313697261916833,-0.9236856538067332,-0.2871086735554191,-0.23333932903615412,-0.3660191231704838,1.0428705721059106,2.0758220587205147,1.0,1.1102230246251565e-16,0.6050250486039451,0.4911250136558699,-0.2264788917761092,0.14780434200104625,-0.10444921842646161,0.449640664485259,-1.27583208621177,0.27397168221603924,-0.7234628086641319,0.3774380651897075,0.8033650488659446,0.24965580347196684,-0.492358073829896,0.5013100171730703,0.46926758987107225,0.453926342225047,-0.02733193400332246,0.4819498063691885,-0.6793845696090838,0.5915252921662858,-0.27956830413428724,0.6277239733678208,0.14552119785469791,0.41976286463514617,1.1947628619072153,0.6042379732951798,-0.8908896116983289,0.05689101865737881,0.3562167098844944,0.4771332841901341,-0.72105002931733,0.0468492653975621,0.30740356979322375,0.18292874408417037,0.2166831190448047,0.3678377623481193,1.0071572006331948,0.11576307637312196,-1.4505497728221584,0.08214105244379034,0.22149330721296473,0.2779642391875149,0.968102663814523,0.21296874618134354,0.3199651912177804,0.4861145992171175,0.8262314900062377,0.5844102972718348,0.03371905499773751,0.22344611998858546,-0.05872042699858085,0.19572897924071456
S04,0.4648545817534331,-0.8319628524235243,-0.23044948928398826,-0.7162956600452429,-0.2774713651897517,-0.8639879002019359,-0.312190193778724,0.7242588250683697,-0.04448544141872697,0.46425708098000285,2.1162906717810115,1.0,0.0,0.6446302761052204,0.5290726679452529,0.3673655068854337,0.23465950259046717,-0.16882172307161966,0.2871768612031825,-0.030144269417790834,0.26822593942088274,0.1207568062780926,0.06163751556213369,0.033327925762524156,0.34123779909224605,0.5427043980348415,0.125480123667906,-1.5355721227427077,0.18914600738153023,-0.6561959546956986,0.2639644320402215,-0.37704416898846127,0.49414273786873564,-0.9976745724694519,0.42330626189328024,-0.6141225648235127,0.23258220544348923,0.8946471876147475,0.21507195100369753,-0.8522016310871032,0.23898511768494263,-1.412294319519319,0.13018424985566324,-0.15281111695084892,0.20079260746707878,-0.8246122502066613,0.26544838867192205,-0.30335006734169534,0.13930235965920387,0.5179947764510232,0.3384170503055753,0.38095283576173383,0.21571526754008652,0.08643018917926217,0.24802811702810665,0.3609860826067805,0.06885748190542336,-1.4069434001048238,0.014780399990921697,-0.29641544352025245,0.2623930633446406,0.26859358112074333,0.15945871358004676,0.44653650700469555,0.2127014778705359
S05,0.2218248337295278,-0.3062595207647245,0.01371396554038363,0.7789547638602298,0.4342678368627332,-0.46471952638984854,-0.8232448992729716,0.5400061306069093,0.216779083933419,0.0630309264353173,2.550364820764077,1.0,-1.1102230246251565e-16,0.7085018258136959,0.6375912051910192,0.9135846262733579,0.16698226229229612,0.0700521632064159,0.2613583638874165,-0.567705784042264,0.3420388872245054,1.5475700950502025,0.2669105924136806,-0.9561768828894741,0.4009150563139554,-1.0388597895042813,0.37832624698778555,0.7567886800338991,0.4040043586428681,-0.7328928855191167,0.22351415888456408,-0.34961498989369755,0.19275092244199293,1.0366468294547198,0.3242865327317485,0.1409826996989105,0.19133767388323047,-1.3728594510864018,0.3315154825372173,-1.462766306679332,0.2285271767792091,0.09018263758827604,0.5303993887030928,1.5082474032071316,0.17154965153338303,0.27660076558701635,0.3712972710645472,-0.2188662516111592,0.49917987410055537,0.026204752871449122,0.3598383820137326,-0.44494763030612866,0.08269297157896618,-0.424103815431277,0.2439313657508924,-1.6111694626733528,0.3495093655024614,-0.4418489270852657,0.4539745004458399,-1.4619937793954225,0.13723390477446187,-1.1148221870475117,0.5777922214996145,0.19961041848468775,0.3177348235421192
S06,0.5611411460010931,0.6582069871957108,-1.0684501302658564,0.01719737929770945,-0.7060841179786712,-0.2659107826997247,0.8844778863274151,-0.22175761060098187,0.9841372940849493,-0.358911857778597,1.974965463901865,1.0,-3.3306690738754696e-16,0.6101599969681331,0.4661425862619491,-0.8031789504570821,0.3925630761354347,1.1618783026394803,0.10545421749979744,-1.5245212861598796,0.44491324819768413,-0.23769512456280856,0.014681933127792124,-2.309183730278245,0.11793590761943248,0.13571859063530745,0.32221290371486117,0.6124687940678034,0.22375023742705533,-0.06957820881402058,0.27642704708167387,-1.1998597218476332,0.21570858057122805,1.9015592551286038,0.5237323534287259,1.5886269280640164,0.2679347192319502,0.35147990042256627,0.24718246875504576,0.932743608384926,0.13406080555620095,-0.5219067499365055,0.0053680844501438315,-0.5973647653557502,0.05177184339479075,1.1954806508557347,0.3393430997282359,0.7662429750869851,0.09511097503744685,-0.30356432513044723,0.17378302708345014,-0.9014951066478275,0.4167176195864318,0.49191553821253214,0.28669068665997793,2.1144148343208635,0.2538970213381382,0.11088638291792183,0.14232334105250088,1.3333873002467829,0.21205340635920894,1.196910948791565,0.13170682827992916,1.094179547554957,0.45414648296824117
S07,-0.44369311410376355,-0.6448136593677886,-0.016877185802508864,1.0378578111136536,0.44598293450740395,-0.4474248480804002,0.3828109872569793,0.05730213008744498,-0.784945903517124,0.1464671676535121,2.1719078687314806,1.0,2.220446049250313e-16,0.539630583164239,0.5303099041348076,1.4926885689819984,0.40681077528351134,-0.9273531339377932,0.33941958951777684,0.24092499736805864,0.2176904026891726,0.1922347642777423,0.09291290127017372,0.15705360548691658,0.5572754113921149,0.16491014351135436,0.12136225357209524,-1.0166831283000959,0.4349507363034439,0.8899875622581661,0.32112925534140707,-0.2922552153098958,0.4548274324248505,0.24481937397282413,0.6843643932117193,0.6954024746001861,0.265339200337932,-1.9782252486518201,0.45368092410878685,-2.2332788184227237,0.3113574232014944,0.5068774564507986,0.2142283776069361,-0.4876739741161468,0.27036668637481137,-0.5966290584301315,0.01610866484751807,-1.0401937195329214,0.033374821018509734,-0.08091733755426013,0.2783028816737725,0.6033731730020165,0.08798265186203791,0.04112506873784792,0.45677590314148764,0.3751690141271862,0.049966501551172604,1.7045920933155616,0.24148516808347148,0.5818739568790899,0.14378316666901567,-0.5968947845503244,0.5566516685215881,0.47900314345469897,0.545266438474012
S08,0.3155750331518399,-0.18324739001069812,0.864888879509938,-0.6624122106084567,0.8282027527380612,0.6990162258190876,-0.4086118658723613,0.04747656434523181,-0.43926658882953284,-0.26348506730088517,2.447745789420302,1.0,0.0,0.6718696690860613,0.6119364473550755,-0.271123600911425,0.3925061229259954,0.23836898281357638,0.06674404650508572,0.2658862981359855,0.43993130799014296,0.9808534491749743,0.16208459011388984,1.081942059774743,0.06294278801876782,-0.6943579705331377,0.16476671994108208,-0.2440804735465566,0.3635241975838558,1.591019305795489,0.557406885681536,0.15310199302012958,0.43203347294911104,0.11127676814274479,0.35926527588984386,-1.141008509439746,0.3184385963414532,0.04693490215578464,0.19539408601127103,0.4881048177806846,0.23475450753864355,-0.1268807139886661,0.29078800334020394,0.4597805841134554,0.5279243840181365,2.0979393391447023,0.3700401819965376,1.945195074291229,0.4838214080600149,-3.1704257334962933,0.6741949637316157,-0.8119216588827698,0.3530655050389947,-0.7354489201834016,0.11575628162141428,0.5146715544479993,0.5390471040258038,-1.1081124579560055,0.33406224991965594,-0.31949007043502636,0.16497031625303862,-1.674469459919649,0.7921455849244848,-0.8613095794604823,0.6096707303826775
S09,-0.8023994451679377,-0.6061255948371954,0.7542653373401382,0.1719616998852726,0.26782821474463825,-1.0765104585108087,-0.6079849774837534,-0.47368151366769434,0.3535123111293112,0.6310247859738298,2.0860552087989044,1.0,2.220446049250313e-16,0.5653312952793733,0.4575740853848256,-0.02136729424627641,0.4525634874391264,0.9751976298201416,0.39484478584956023,1.7691167002803347,0.23877269138530682,-0.742229519981573,0.05558771864927384,0.9955324691200335,0.12295220654768162,0.3299794610287507,0.42106902306580285,-0.03930728752362218,0.29510194685681723,-0.20576859790682075,0.16218908617481992,1.018157247684878,0.4727380263938699,0.15243476696004735,0.3939614324212918,-0.11150882703114737,0.5568680189951575,1.8977670167609673,0.5835585905255487,-0.8680639064370013,0.20655144744303597,-0.8259841777981035,0.21064687555536693,-0.17482036384477273,0.6678969467219104,-0.5256309338162318,0.3093305217887315,-1.8210860686766397,0.5434729639574587,0.21060083937865162,0.0363521567719536,-0.2745122994173356,0.38241656334813184,-0.026605104934285365,0.21332273652689307,-0.37683767935079376,0.2180087472010178,0.9760407193936266,0.2810880917112684,0.5428733481617786,0.35072344799765787,-0.10902341985194493,0.3578187963663263,2.178562174002982,0.0540647978366633
S10,0.9887220777279898,-0.17274155964104398,0.7369097729975358,0.21298493435585433,0.12367290678958695,-0.011972261871959062,-0.5329216151469939,0.23710101421074647,-0.5717221533362319,-1.03340259074606,2.4173296281656356,1.0,-1.1102230246251565e-16,0.6780569580857179,0.5835520534852405,-0.7472116789367129,0.42349112063451083,0.501094170000432,0.17015973446901886,-0.3617630686932278,0.6168041966336211,-2.1615603324507258,0.3628731421368042,0.8160728434380643,0.5302969759506505,-1.0078138984634706,0.22306564310409913,-0.13449678428733666,0.08782645533823519,-0.0447431806580222,0.15480747939205203,0.01424416411229774,0.2538973946761992,1.1822340289689746,0.3799956547644613,-0.8049664806288986,0.28438193083672986,-0.9478927170109597,0.26737691911144035,-0.5124052144571877,0.6816552682617121,-0.76029094735009,0.2798311894927176,-1.3291851329670863,0.06144969359913295,0.03240701343694739,0.034376929980175934,-0.5976676830730696,0.2556590955077343,-0.4884760799473766,0.22449436638611184,-0.8961304677275025,0.2537913909739236,1.2045945793983712,0.10900919371050445,1.1131782933335594,0.5118208698936791,1.3994864269970153,0.2061293731635253,0.07486130634281628,0.1236767140023194,0.03437530912308095,0.15550326169247852,0.19433346342057164,0.45879491919932563
S11,-0.18595788986406964,0.6354867140561848,-0.30176258727496663,-0.5884939906155648,0.3245859707727017,0.11257098245694228,-0.7658633308643654,0.029335856291713838,0.6991011241877958,-0.34311225497585807,1.8711722296780398,1.0,2.220446049250313e-16,0.4816416095514919,0.39078157054950646,-2.424240259143577,0.2061363265830553,0.18958161668147383,0.6912093386389426,0.2801213890450182,0.11416448974837073,0.25557365378981606,0.32618555306964203,-0.07421097844168746,0.2709993961105075,-1.117074142156156,0.7475416808203147,0.33385996664015,0.4550595708995103,-1.21394170582071,0.20960392282734935,-1.5763517084157084,0.28572136176326274,1.1606990036285099,0.08417433653931046,-0.38769991626120237,0.129013966541977,-0.8343230452612567,0.3401610497490151,-0.8979876412989228,0.4125868136483029,1.932459497464032,0.18351478160566112,-0.06118843767271165,0.3090567782564249,-0.6724855958104261,0.4080696401915166,0.37021189001079985,0.33093061821010417,1.5926699983032222,0.5983467250653779,0.3034371863236515,0.6066784600310963,0.18253809696599094,0.20700143984835262,-1.0931075603017684,0.36383550059999703,-0.6286543048870615,0.18514483032691872,1.318617926246224,0.3001301290644164,0.16058943325692399,0.4235698184514463,-0.1473402265056314,0.2797013575382582
S12,0.5194459559917491,0.24471287549097698,0.3351570811010436,0.5142735799634309,-0.20176115477516482,-0.7746563705278958,0.1259093877771605,-0.35582805962288666,0.14636961359675923,-0.6880117261487628,2.1062351125273757,1.0,0.0,0.5927458378945353,0.5233248458578278,0.8840453964023606,0.11740295296908403,1.0010460926038907,0.17016504307163668,-0.6654854144956719,0.18781916621178307,0.9886691693952099,0.5516768599767246,1.087464174065204,0.27708902751884185,0.09960575661196,0.17653263115212867,1.4313667818550817,0.23196909933092416,1.9391925691138483,0.10686653718771086,0.3535478632688958,0.2317922806044498,-0.11565356843597022,0.43722711473977127,-0.4136156654784152,0.6885947460913849,0.764029781619438,0.15990309744315542,1.445864659665585,0.053121042959720026,0.44352373852659216,0.26322314115715506,-0.09889143228653087,0.3527065663574891,0.22327083600025066,0.28691050458305856,0.5843141664910587,0.541640455756377,0.019344070909838407,0.34663607642548144,1.3320761927431668,0.019293773873010477,0.6269547483095542,0.27856890114410343,0.6098290777178373,0.5445112071782316,-0.277513618728249,0.24593288911295919,-1.929780231116227,0.08817666749276759,1.3621324037106908,0.44685219369483503,0.9639254230937102,0.3072771084580013
S13,0.05020956077267319,0.0651080377331775,0.2235382499473738,0.3788934819371433,-0.2912334052264405,0.5130238832655255,-0.38456854400482066,0.9510044817876177,0.6007291248015103,-0.4231863525969912,2.2197962797968254,1.0,1.1102230246251565e-16,0.5868631454174866,0.4906380667931732,0.7368438971402955,0.24826108550803494,-2.703232291506447,0.25965807209419905,0.8731694307352286,0.05962270779785757,-1.3514457645056706,0.10991865606237472,0.9241618238955891,0.301184192228817,-1.6597555849522603,0.16939987569774237,1.0817667277067282,0.20317020518670395,-1.401002837750157,0.36441921405229005,-0.2559305615405871,0.23320414628000993,0.2525899274567699,0.09410779357588527,-0.4776455824427778,0.07157419023336309,-1.5428015147418783,0.2875232084358946,0.016315601784158404,0.49061904250908245,-1.7021287059898267,0.42006642843461356,0.9756783454758469,0.40359326057619216,-1.7422216920642737,0.6273568756267822,-0.10047572046113541,0.3015813298346684,-1.1889634192065943,0.4031675737816288,-1.8610399286890726,0.4187109793560707,-0.27705310014716755,0.1169248202694525,-2.079633281446886,0.021424560859513445,-1.0363092470918909,0.4382524363063503,-0.3971909663646684,0.2813573235923288,-0.23644883660918503,0.4449458737235301,0.249450946007995,0.32623161549080326
S14,0.08718673176334105,0.18069443147218456,-0.1293566172159576,-0.4279783665559658,-1.037680382229033,-0.7157723621107915,-0.921054254934291,-0.04134541657964979,-0.7640654278553503,-0.16384294612999464,2.059966607063373,1.0,1.1102230246251565e-16,0.5995363871507695,0.4635621091337351,-0.28132755698572465,0.11213774949001312,0.6778753195816771,0.34085924943352575,-0.1246177960768582,0.40488181339000034,0.6702198973284983,0.21718481039517945,-0.4226335605689607,0.14014940155761468,-2.1448027016962024,0.10123676310915995,-1.3122191930599654,0.3044296156663563,1.1716623118115357,0.06985421523280302,1.3704096940092667,0.16973032592208812,0.652646407229145,0.3982612864989766,-1.2551353716225635,0.28527713401904875,-0.6327550296967601,0.2176364166304326,0.7903785250882196,0.4547962996448925,0.5507877351744134,0.27754244114871157,-0.9721523979382983,0.21443261539524658,-0.5460417986440805,0.13000318586576287,-0.057390702895635415,0.2702953695071609,-0.04988015402300316,0.5280499551515648,0.11265768883999132,0.3403779918999732,0.4520640102152461,0.31549142985616624,0.6772085214009868,0.30393615862501594,-0.20346114095774115,0.3490695177338801,1.599054515498897,0.2627604540410931,-0.11961962425606457,0.3495493880605239,0.39922819300641094,0.10722526643173298
S15,0.6480914573562246,0.259587653499387,-0.6031749204963464,-0.8424224183823295,0.13811244814898185,0.8759178710837264,0.12135086895148939,0.07311688106800503,0.8798490567734985,-0.8460912310525951,1.8482079214435458,1.0,0.0,0.7641851635825303,0.46205198036088646,0.06699071731839232,0.16765660233551122,-0.6540756829350874,0.1936145912070428,-1.1725916085297072,0.27170217319000567,0.6769663873903532,0.07822097883115157,0.6765980166666817,0.07373378490111673,0.5328333008554944,0.15521976788527783,0.6220699903597319,0.41324293124905687,-0.3653359528683708,0.5752524381494896,1.4294578020679516,0.49151217411248727,-1.1376874562387795,0.07765506645751091,-0.12765468140457403,0.08166543006617696,0.5964411376368295,0.3238546120076986,1.300526858623245,0.36081494259459335,-0.19467666223650537,0.6236265478175447,0.9823194827928875,0.34084369794317704,-1.092121200050508,0.36834962922318115,0.4105500853939451,0.1045381151665044,-1.0461210847778453,0.4599431294093182,0.8565884419288113,0.4848744923943458,-1.2092145301480948,0.3162212044643837,-1.0795504113450938,0.6520465348706161,-0.03658997423920435,0.11797091530700014,0.5631984035242508,0.5717220352780182,-1.1031843809317188,0.3159843982220047,2.49218399860896,0.3770639818680073
S16,0.6209663479157909,-1.002793601098654,0.5535144348570458,-0.36434145602668067,0.209312708377643,0.6993502949176847,0.39552521798985824,0.42482043494765803,0.5372922724760266,-0.26044780878902185,1.7688616367005305,1.0,2.220446049250313e-16,0.5111940454278551,0.3817809957931496,0.5159392177637935,0.10124176607735082,-1.8306328962326737,0.4421189571746821,-0.013471821563801644,0.16115555595365097,-2.273496258143974,0.1767688055025618,-0.535959145238383,0.32915651051709327,1.0489699426262,0.2516719879928031,1.3289333195618855,0.24582675980206903,-0.5993664936582225,0.28165155884564697,1.4644543122904201,0.33195877515080124,1.2126082374501987,0.12821245493162958,-0.5606076366721363,0.38361023870027694,-0.6342858475008356,0.5933355123267492,0.16340547410732856,0.18806662822322226,0.004601087196680045,0.2746747326009883,-0.09783081198966595,0.41236108761951057,0.13533834797963304,0.20681781732201704,-0.23106947733168556,0.22500264590260194,0.4734074157747541,0.3354609478388799,-0.4214777471533519,0.6146509543014494,-0.4997204992549663,0.13422725697303833,0.2769945205029313,0.14106139002088292,0.6596499981340737,0.5547513375151625,1.772606668331197,0.09787928660380361,0.8205535029319158,0.49764687439639277,-0.27512142812337753,0.16405303958143092
S17,0.7651230726142687,0.008403993760915981,0.5795412845089457,-0.29629746019413566,-1.052198855539896,0.7728975412535087,-0.7821540156422343,0.11804589853111076,0.2141544344828793,0.42818007194623287,2.338837025158619,1.0,0.0,0.6906597454875187,0.5847092562896548,-1.5625458564094474,0.2251523241236118,0.5112025995849581,0.2918146343826823,0.39052289763267134,0.3019616530585536,-0.9362886321517224,0.5954379734962468,0.5400242316751956,0.359768584824016,-0.4668031185330404,0.6988438963940432,0.38680852075712474,0.2155212649665496,-1.1100035715824899,0.37944115369394515,-0.561587935197934,0.34270313402458813,1.7348318912448706,0.21425064305656616,-2.9294486881305373,0.4642550428843181,-0.23596998708435793,0.7069398340941843,-1.1956237705246504,0.396148132078496,0.819888154025845,0.23117562051690402,-1.107941670612184,0.5724359543433041,0.9944473755459001,0.5017603426553671,1.3931812579597342,0.09145853481195196,0.29094736441424085,0.3901195855163728,-1.1310423739859967,0.28244542696617414,-0.10266860845511559,0.22304193248192541,1.3573404667719091,0.2987765014304245,1.0901834710540623,0.07677377226121533,-1.221807092824133,0.18090841061389792,0.18430906416127135,0.35301906041150677,-0.3177608938799911,0.09330735258658554
S18,-0.09382555454441799,0.7255359519020061,-0.24322118861721262,-0.7132211733318728,0.19145434304009407,-0.7551371654086507,-0.8024946541713719,0.3428142980779129,-0.8104563922717707,0.5499454255120098,2.354469371313144,1.0,2.220446049250313e-16,0.6120504433210777,0.570787887431592,-0.5290526771765625,0.3285833899501695,1.3736585451882757,0.0431616328618451,0.25527338749103345,0.24747616586330073,-0.3958287805831008,0.39717268660938093,-1.2991166439344612,0.30977747327024047,-0.6680706519027234,0.16287619472878653,1.0909804252195556,0.1652300526988811,2.410048649416115,0.045659631002925305,1.9898550733512288,0.47320746037150585,1.1650321048706485,0.18980885239554654,2.0529720245144985,0.19943696833889174,0.7441857103625467,0.4405181037535751,-0.22064274999108432,0.2841761625924747,1.1832271737434747,0.7501009462025124,-1.3087783117067637,0.2929788735913856,0.6460061871669649,0.25704534872496765,0.8393491142748014,0.5457859386668806,0.9578396311466397,0.14652283416598802,0.42096352719304514,0.23873026417379783,-1.276335920268189,0.043855712182668656,0.8227173745443626,0.09442851918802522,-0.7480960644103498,0.4839746396768906,1.0721967159727128,0.19189297244548909,-0.4200277271419621,0.348523207774895,0.11657851210145986,0.42918851852003115
S19,0.09372023561431386,-0.12184419252274083,0.7755879660470179,-0.7283975824562079,-0.050185061443911966,-0.887011992538268,-0.7087483150580302,0.13418971064192314,0.9493222761267194,0.9530396279184732,2.03062211643464,1.0,-1.1102230246251565e-16,0.5482542576487429,0.46449931851772935,0.7942646796670185,0.188908839828141,-0.13744851451295761,0.08526285170391149,1.045896715531007,0.2773672197869529,-0.17962400011556034,0.1055672064555032,-1.2222118083334526,0.18035041428788406,1.0055352260111448,0.03586107451957101,2.0122704457141336,0.26401838088590207,0.2214916233585267,0.3907392159198113,0.35094250496610924,0.057826174727944005,-1.245593911267055,0.449549690409468,1.0887696542503351,0.43564229568936513,0.42154608360216445,0.04283204593560013,-0.7422480133561371,0.4365609916533659,-0.8588127276846533,0.48770314027533535,1.934388527922981,0.03928016313148428,-2.3716593597873765,0.6041340990775811,0.8728243510474116,0.041859411542165034,-0.7908817914740314,0.23358324898373145,1.0016535034138272,0.5366935287842728,-0.8302167186628906,0.1366266134402893,1.2243816701469552,0.6359035595895273,-1.9673250635108424,0.36769343785541203,1.0122244234901738,0.4378854504808222,-1.9046746927937415,0.39836736091044056,1.0715159356152877,0.4391404412077546
S20,-0.8327044508003175,0.08638106524870791,0.9749788460579749,0.03697338939428095,-0.07286296658600708,0.20699968529228438,0.13573030937382613,0.9090133877994847,0.7322206721370209,-0.05814800005769947,1.4297042593307652,1.0,2.220446049250313e-16,0.5207700359231647,0.2945308814644684,-1.2542894228187147,0.4759491652842039,0.952874547241502,0.47376583548934953,-1.448056371615206,0.47222499596045936,-0.7431342645577322,0.031185910555505757,1.0582070469786153,0.11049325801614986,-1.1455382176845066,0.18689261626561332,1.0237095461429073,0.41798536823710236,0.02128043720195781,0.32590294062100394,1.626380405688297,0.3342823374545915,-1.9700004547018062,0.23408313613509113,-0.3763007247793076,0.11630993301989342,0.26681839637198307,0.3382887652701045,-0.503504161721848,0.14190926688076597,-0.02974165405236507,0.38579893959303424,-0.15991602271809902,0.22325775316575855,2.042069652940856,0.07846811578243269,-0.9661567231076345,0.649237693775418,0.03400809632480311,0.5355852061194166,0.8905221776865128,0.16882476789617254,0.3131117686470084,0.1935168773138802,1.120848443680409,0.21821606088093304,-0.02124477917409491,0.08133912099374865,-1.6817285347913502,0.27657048229760856,1.444412195078676,0.5924717736409679,-1.5065340297392922,0.4907174735759635
S21,0.05781852888586813,-0.31475402789597023,0.5520726816589291,0.30465839751529533,0.5709540449546701,0.9069805613281854,0.3782091577363922,0.6710988241590033,-0.9237149610366154,-0.6318619407716924,2.193800412259963,1.0,0.0,0.5658644627191389,0.4406584680870809,0.29355793224118987,0.46195246754850827,1.6122782580085886,0.2739533039710695,-0.8427425897826686,0.21903951367592533,-0.7970028033602938,0.027957961979081927,0.9375601222439232,0.2268526189451653,-1.3633726243302229,0.28021975907890234,0.2493085957196628,0.3468018099979776,0.8867323595957424,0.3450841502829877,-0.502619613666455,0.5055663733930453,0.708718673567159,0.10047468691113758,0.01881904983873417,0.14741665799264797,-0.33912227912966714,0.1093125928188253,-0.09462379253936441,0.17512991611967793,-0.5461110025659169,0.06754745429414084,0.9365041167696877,0.3399068359357701,0.2952799406953006,0.29559458383927883,-0.07938842429744043,0.2810720906179367,-1.3650217950350543,0.5458906890817872,0.365909337984184,0.421936365707615,0.12983191637585667,0.1753686069103065,-0.524282742740954,0.31548241620622397,0.2935375300432026,0.45553429315943345,-0.29550228939870377,0.3600801505110385,-1.2276799641147271,0.6535663036221161,-1.9655558907626172,0.23375009773159186
S22,-0.1371421655167978,-0.37981717615748983,-0.8867790700670566,0.6678378154008306,1.0838404510356527,0.08892438114440687,0.46036280862569107,-0.07929516189873827,-0.6828127502732126,0.19130529809035476,1.7884212477514665,1.0,1.1102230246251565e-16,0.41152832734314915,0.3505816238179006,-1.3565818042351152,0.33552196724204514,1.3149144536108972,0.23739520744884943,0.6397873318482777,0.25130404126245265,1.671482891200889,0.36797659433535934,0.6336115406288986,0.6389059701703222,0.7076364237577684,0.5039853388745347,1.0450884741199196,0.1887387931601325,-0.6508327254382495,0.23701367390107056,-0.29859673747482984,0.10926771693672341,-0.7601894487482183,0.1752910699720822,-1.171654346994829,0.049816159720121,0.37006111533802455,0.2790779756873904,-0.1341556419779071,0.10939522362794184,0.5968621811293163,0.5795435339820293,-1.7081193940562722,0.18368118718776022,-0.7764991402756154,0.36847770164693944,-0.30046594858565495,0.29134280698889403,0.7014947819742988,0.29324689662939285,0.09791373769931452,0.32649520209421795,0.8063654247023565,0.05910023636451087,0.598330173862827,0.2607079261211888,0.24941768776296702,0.3740042746314323,-0.10652910508284215,0.29820374710933634,-0.591278009189076,0.06796828775507222,-0.5871152704402685,0.5873590601705874
S23,0.6379328350686497,0.08324268300397894,0.09781148906870668,0.6972914904361307,-0.9820401614569746,0.4334729460655761,0.1949271844500829,-1.0370703436451023,-0.24377679794636603,-0.24773808390601404,1.9464114252798281,1.0,0.0,0.6500733478196474,0.48660285631995703,0.4664299824962501,0.2913305263540643,1.6399645293907916,0.2670788820929144,-0.7252689777545427,0.13449891422559376,-0.10755913174755273,0.159129571300425,0.08796882114440943,0.24313915351568324,0.009038186611407503,0.2905356993774629,0.1448878331834031,0.4340840386845348,0.0018459553308213434,0.4243518655493258,0.27402735274811657,0.47637186210417104,0.287133354198027,0.31120624590899987,1.695722877829212,0.34821414511726784,-0.12373267998658533,0.12319567633573482,0.4121091610865116,0.15094659543979538,-0.23230449361001904,0.4220781732681007,2.637694887971054,0.3885662769655529,0.15712791907640036,0.39310715634519816,-1.0056013754161106,0.5462926117906662,0.5188711804996412,0.2606005376897788,-0.8990125551385836,0.5665498107719812,-0.6005110180028589,0.10248072450369504,-1.7249168953806042,0.4224273898295277,-0.32667324737040915,0.34039059318099796,-1.619556028262321,0.11032125402614003,0.3583445111458864,0.44717098881103223,-1.6339229585468935,0.27353861055878254
S24,-0.6396811765257611,0.8338543795370162,-0.01261460014275735,-0.40804209185990725,-0.011811598874705414,-0.2811806250647359,0.21677421877563105,-0.6855670690245248,-0.6284089631705058,0.7495182443399904,1.9570242081645912,1.0,2.220446049250313e-16,0.6020538445446981,0.46709321509506185,-0.03564148219385511,0.3010360813901332,0.7421274911195023,0.1034879707346583,0.2404712494088326,0.2575375190463321,-0.6950436599493598,0.7380869638355531,-2.3912744299314075,0.21596804604807857,1.064876739324715,0.21370325400439458,0.023903043382593525,0.3362740101115349,0.056336286906643,0.12881200099088816,0.15187760969984906,0.3351520189164386,1.5351487200290912,0.30725814341699853,1.897288694788109,0.38177956293399523,0.45780560998905173,0.31085490028701984,0.5573042938377618,0.19977115884535762,0.029251479798992626,0.1076063974617847,0.893244628408061,0.08462733526759525,0.1761898225865383,0.529186384271065,0.3601641840155231,0.18968961415942878,0.4958050210884789,0.14618807443405762,0.8652449503860368,0.0714647231169887,0.057602226099644105,0.22215603808345902,-0.6869364177454892,0.17082926524558278,0.12475209975220616,0.1467751624799286,-0.27460232638883814,0.1518890752929192,-1.1965579282858156,0.11589173380314252,-0.42483134737270517,0.5338089235523403
S25,-0.3703015620101735,-0.5719408549548816,-0.7894122461606426,-0.7041298360543097,-0.2206822404517633,0.005467687853741527,0.3146172406680308,-0.8092667218048584,0.6896012860075538,0.42033843217968386,1.8302315883784073,1.0,0.0,0.5587522969756896,0.4197354534931209,-1.6151318154026544,0.32719066890772697,0.07543363899432684,0.22795113216234186,-2.419745246287463,0.5758311543371692,-0.04116947680834709,0.24369917696780016,-0.0748759380987145,0.24855717435847977,-2.1402658779278094,0.17420404077010232,-0.35141423557162493,0.3075056576330164,-0.5121457321812463,0.3299114686361586,1.2548119434976825,0.31131126560378347,-0.656955176205519,0.31622983906163077,0.15669372833202116,0.403687307292072,-0.49693202495361116,0.5807638662086987,-0.13414517615210172,0.32373719499724907,-0.2702767608791319,0.3737010222714219,-0.2554402140261061,0.6434052833138456,-0.666848716756755,0.30996582592299404,-0.5376457576086193,0.2485969038960578,0.0016190314567793363,0.38358291962866264,0.8099568133969952,0.061517378481216155,-0.6718674106880393,0.5000285008772033,1.392654888308893,0.2565863199801682,1.5154448083742187,0.26731000106425495,0.8731831408203679,0.390328238498523,-1.4935097778078739,0.28143334907335055,0.502499696189792,0.4977652419867526
S26,-0.06001640960699538,0.41884089699529664,-0.9533743379435297,-0.41901570083555434,0.01868608195230185,0.0514268651096894,-0.7389738439093224,-0.38750906560003395,-0.19892849354803527,-0.7063463144265815,2.1066210162304673,1.0,1.1102230246251565e-16,0.6276723399407423,0.5119569029255595,1.1647393544883717,0.06764099286707154,-1.6019658114008906,0.2627333305254055,2.7159465723194964,0.17478898807467766,0.5370908331195882,0.17097774059130702,0.45418316725333474,0.23747045971287373,-1.4006739907127697,0.39919600736253635,1.56341335885305,0.4446279191066484,1.1996380792160444,0.06675553056618239,-0.23212931842232598,0.31565145210422435,-0.37755465626308854,0.4493230296578294,1.023530644221277,0.21125519499769108,-0.18256897425951146,0.3520188680892029,0.4034689181747172,0.15229284112134703,-0.10611951545813639,0.13742430887514978,-0.3061658577196891,0.17970506049704416,0.19791666742411926,0.0567761306426929,0.6554038299021603,0.4392210898888791,0.41477289085484,0.03720628790873445,-1.1380583183431967,0.2076698374564722,0.7061285491586815,0.4009126906691318,-0.38503680227925396,0.2651574433650202,0.38173416903077695,0.16045474274024674,-0.3909230593769057,0.33110688613123673,-2.1239475818642557,0.11956740938013885,-0.8907488633085682,0.19639232316728122
S27,0.05944037218923996,0.13985045071808896,0.4149920772067411,-0.10978366418942224,-0.2226772587674477,0.23785383604424595,0.11373315152077608,-0.448222901053453,-0.7533580462151198,-0.35844966891316504,1.9787960605573667,1.0,0.0,0.5489067744002938,0.46415097568438773,-0.7345915765895862,0.33280396452018296,-0.24606248800205066,0.6891140409001313,-0.26971853142637653,0.4404393990716352,0.0516263768061763,0.08072398199878913,-0.5347332473888923,0.5319284493276698,0.014332059942733606,0.2659319496638474,-0.8184286657153079,0.3527077819727991,-0.21865441137146396,0.10571078303232644,1.1646149903415608,0.13425930596426694,0.27672297266414264,0.4992607592612914,0.17528677901784556,0.13914064878368734,-0.9899577922829018,0.21162448830095731,-0.5493598547622272,0.27150653100697675,1.7046510059463187,0.5327875402080797,0.7345981283509657,0.0990454947431122,-0.6074722874367288,0.15550031250253407,-1.0701915626027378,0.46360692555333594,1.6043391083286984,0.15265935678690293,0.36447972791594685,0.27820649078075316,1.190746116055647,0.2714066205793128,-1.868001886023209,0.06069065270309632,-0.37336842485782246,0.30505491860505535,0.24213315575252156,0.2008776114080248,0.7209969529542626,0.19888562321116215,-1.4268265763647965,0.20698281621196843
S28,-0.7262044143736804,-0.16490987945791175,0.9755950247173236,0.669743909107741,-0.5854009437847825,0.276679549521123,0.8422549431894288,0.46135593753982623,-0.5502799549750226,-0.7189541806314121,2.189473748191258,1.0,0.0,0.6248991142434565,0.5442591652695885,-0.8102524367895334,0.5689403837780267,-0.8432465950838017,0.2505649400674639,1.19395626001858,0.23996872315505707,-0.20572759070513136,0.4477791997522805,-0.7124941926043304,0.39043892434622446,0.4176736985496443,0.4020401338219225,1.5323677246997183,0.39817076757648523,-1.5531320528962045,0.5357995621053333,0.7322345071807367,0.04261251654027319,-1.2975096396162136,0.37973287476095796,-1.336725438495275,0.08692531547352787,-0.03500760990267314,0.19060156650468274,1.314779825623357,0.48509930163334536,2.39076616477688,0.5502437465751491,0.6771816867758517,0.1320147770620504,-0.4043619925401881,0.0949941831727461,1.7190406128597449,0.2672577269945208,-0.2850942569090252,0.32909401726592674,0.6528238755718426,0.38762730112288585,0.4833248273144756,0.36171810344678385,2.0136989173447066,0.03981419539660806,-0.5001978169310911,0.10389755243693713,0.2493702828055811,0.04897961730116127,-0.545186244553829,0.07044139226118197,0.06933716180864913,0.3092807852183382
S29,-0.9016129593516934,-0.2676460827514634,-0.6699340766079942,-0.8645607798569264,0.543720546881607,-0.41484050345752,0.29900780461555654,-0.14200135799061867,-0.24669645050118555,0.3877141676875611,2.105619703172252,1.0,4.440892098500626e-16,0.7060101580158002,0.526404925793063,0.20056919731276932,0.16873682327409087,2.1709427175092206,0.24464969297662237,-0.33689782544343155,0.4457504855829945,-0.6500166684788959,0.19735165471552502,1.44442038817728,0.16973758904288572,0.8469970877323286,0.1054043592980552,0.49986412380103273,0.41419473428642095,-0.3014973633856856,0.15957134377575063,-0.21339221848336146,0.44024925150934274,-0.7578561957925064,0.25879512048478875,-0.41182336881270054,0.23155765402065892,-0.8110008634038289,0.5287406174504465,-0.5655112880416114,0.35969416552293865,0.37709209381106135,0.45279732056725525,0.18252928048075467,0.4865241768823066,-0.6862791355564533,0.6594625321905624,-0.8963326583470018,0.2819303733536357,0.13864518379713817,0.30340905103521687,0.8821137721168973,0.13732166561977882,1.0611942763111868,0.525270632394125,0.5622502832267123,0.3354249355384948,-0.1698523575592177,0.5856177790771253,-0.012143411037544414,0.12330677773666152,2.9272700924786843,0.4551597928900048,0.862543484657379,0.6464823574417933
S30,-0.6570011017248305,0.5131909469720647,-0.5196065481817556,-0.6015484475144859,0.2707424519258924,0.03692144751062779,-0.22983441970148513,-0.09769376308774617,-0.19949392611009092,-0.4580084914780536,1.6673906371023073,1.0,0.0,0.38702165626303703,0.28722925091004303,1.148637349460422,0.32347850774297826,-0.17588581231310635,0.2767384149382149,0.41469852879694075,0.41814573239418396,-0.6621308452737071,0.26147296955370153,-0.06028899128539744,0.204026175015018,0.17481776889273862,0.18962207868009487,-1.3993061743967028,0.12174624985277148,0.24917867179184133,0.12287989871766325,0.6546766175342743,0.1195934956640864,0.024857503848814175,0.21720650202910807,0.13192796685959757,0.6912091233940715,-1.114046449857327,0.3441654266410305,1.1971864846526323,0.19668016242726186,-0.0999697797063895,0.18582648585372022,0.010878758301148612,0.14214708714319613,-1.432671289320665,0.23492957049674604,0.2193023372807439,0.5692730228078995,-1.0861262988851321,0.2662427753170681,-0.07498961901943327,0.04255493968319861,0.03249986298466421,0.09372930398294126,0.764478220352348,0.04610898882254193,1.636739961850101,0.28277292831949336,-0.7051820238230072,0.3349205797884951,-0.9943550653605753,0.379625712051158,-1.6949734379719625,0.2201679526464557
S31,0.8746547908889409,0.20725008444718107,-0.27056556527022985,-0.6582006150128811,0.05358898688817855,0.7417945013542441,0.4995402841311136,0.4121704950366477,-0.9646596259320356,0.5681667891298671,1.8904487395201044,1.0,1.1102230246251565e-16,0.5608869793805229,0.42816693181334803,-1.0158218187022336,0.25951423642259236,0.12320480687289384,0.27220512050485735,1.4919196463677664,0.12477872464880943,-0.5978083863035465,0.2791904822094437,0.45479516970583833,0.25492632671059895,0.16465515544338763,0.3548328182831716,0.3676492930606575,0.116858710013207,-0.8934932336432433,0.30995644773932673,-0.47326504667252617,0.2000779313230957,-0.30045486868270405,0.6337271424536701,-0.4545477185858981,0.42384108652252667,0.25866114793259654,0.509483025220101,-1.4760670913341516,0.015531497830961472,-1.5956367603965362,0.43911412045465,0.5610670840829766,0.3203225821877145,0.1458364703018138,0.2024783509487901,0.7918593104333678,0.2236700886792262,-0.8682609613600559,0.23935286409338105,-0.8575675739104021,0.7027228461514909,0.805593835039858,0.5416592873103925,-0.9804695346553269,0.22876947246039814,-0.18330070940607976,0.21349160042160203,0.6588139749356444,0.1397202806821597,-0.9214510231776278,0.6618131445009781,0.820232398350017,0.3283080109753143
S32,-0.46382649072662296,0.371844598516084,0.36779150779772607,0.22979752491616218,-0.4202268286605665,-0.25209439269766903,-0.5619781357248367,-0.06086576489981613,0.8986775647895473,-1.0228472721235025,2.065172650185586,1.0,0.0,0.5538521733529556,0.5009172286699239,0.061679849941990016,0.21073410761815942,0.5514853760980769,0.22994845690931623,1.1658060192395525,0.4135696874278296,0.33881460088199844,0.24924642287697085,0.7741314616654754,0.28906082696293733,-0.38940154288258877,0.07851743073924757,-2.1000265068349853,0.4720677198262793,-0.8145947929446129,0.5006741240171694,2.3502058000152566,0.7007817975708072,0.6084077538536479,0.3024225452045582,-0.218653277310596,0.4981689331269683,0.21273977593849705,0.3888300984943921,-0.38040725726455815,0.2799801593212404,-0.7604181995974566,0.08755286918647076,-1.7417035525094713,0.5834896095027,0.585299436572032,0.34119850118462985,-0.5706404300231728,0.23061271313703677,0.09781329318398917,0.06726024683917943,-0.5021161796988236,0.20317663544645967,0.07541774270519602,0.37596276335834095,0.2840565706051427,0.12774179627077423,-0.019794344418708833,0.3559589768372399,-1.5870337610370688,0.5791007161606667,-0.5653929701093875,0.44064618606645983,0.8173062037824882,0.33252998755671026
S33,-0.6269341546273877,0.12267305029100674,0.1724329813790401,-0.12199251626650033,0.8308079916169282,-0.07881982558125501,-0.7230891162974815,0.8168413452614904,0.6804843435627707,-0.27006402877536634,2.199520682191978,1.0,0.0,0.6846468109958865,0.5498801705479945,0.42881650039570085,0.44543893158488235,0.04360244646818717,0.42570532098434083,-0.20445497956253894,0.08552216071945434,-0.9941800921315364,0.38880045320267814,-1.0014370762328586,0.14078969013769074,1.5909049049248918,0.12350488995470801,0.6255080168845346,0.06792109399286941,-0.5462590379533625,0.19253338124350866,-2.664332319638611,0.2817555447671213,2.7659796144455586,0.35324383153672906,-0.09139955739954383,0.36212615464823905,0.7828737349942816,0.24862235523960224,-0.3309781734743726,0.18606212320601692,-0.1267360356723945,0.30255530983062434,-0.37127471246929483,0.12776866366844378,0.5148835961361293,0.3712930873250693,0.8524686434755867,0.3531544202561912,1.1039335467350635,0.5421148900980919,-1.0072498581821554,0.46368862189199295,-1.0249280663070783,0.4574049041565562,0.25757497096648696,0.2880155464028137,-0.4823135707743212,0.5734595733853664,0.008588138607327602,0.7419448036885942,0.24313465521690564,0.06948792611562547,0.9540851021951444,0.21432489810933478
S34,-0.250987187834909,-0.24995342101430243,0.4000619840642013,-0.0766007666282085,-0.6544062720451878,-0.573302911770662,-0.00261156955404165,0.12966316221782248,0.21486968428460204,-0.6359558324858697,2.325281526853632,1.0,-1.1102230246251565e-16,0.5953803407134316,0.5617728175509262,0.6931056073131462,0.19252517781702655,1.695051040449112,0.22271118741639412,-0.13525432527920966,0.10238495285184403,0.3932692235377066,0.08983097773481848,0.19320742279662498,0.18846863488275697,-1.1030234551691716,0.24137784545030638,0.8852314830302529,0.15013659636820473,1.2212356600964471,0.6798139772747849,0.6729432045460597,0.34926511547555156,0.09913833950868643,0.19600880118123296,-0.08087849775703734,0.7591514155029545,-0.43112556942120017,0.32585022418213927,0.27899179482412867,0.11690970530073955,-0.7150632204329948,0.22692574261383391,-1.6468638577737786,0.5111639862554721,0.8199252526792808,0.2579043518687058,-1.2291835974585723,0.23214236376262243,-0.25628082412236086,0.166930655302071,-0.05106066500974363,0.12020468764069948,0.24672138877674213,0.10113053816123027,-0.8214848563962878,0.41482868396751027,1.0989833574752859,0.1639735907199302,1.3854863405431088,0.229838746712316,-0.47020333862527935,0.5095985612755747,1.2184802149012544,0.572961885670593
S35,0.4235736379833381,-0.5025892782220646,0.7529185025271721,-0.5123530787289556,-0.04472268087080198,0.10412044766707504,-0.8573043102160373,-0.09506495168877734,-0.16013397309399371,0.8948576572788651,2.2675926289334276,1.0,2.220446049250313e-16,0.6810257648937743,0.5445991198814952,0.1764415553610499,0.4215730229751968,-0.6226493615480659,0.4773689304451496,1.0035665602199422,0.22850508874050057,1.4129947556511715,0.2393537041475697,1.3196444945040227,0.5651992012277928,0.3590201526257749,0.4688543103047804,-0.5923559554712293,0.28525078077590993,-0.48715802248293777,0.16580692395614124,-1.7645959086931258,0.18348662812958907,-0.8417119458059755,0.19460414633823603,0.052258490592391564,0.08856189605405833,0.40805284690325005,0.6161490898475421,0.8618168032610629,0.28672806899006137,-0.6099007626878976,0.22079468487527212,0.6045923447571346,0.40875435210312244,0.3243402100871685,0.32843642335088175,1.4521176992059677,0.23843899928388845,-0.2359165291855171,0.3125025751898585,-0.24688539644068722,0.22828599728377968,-0.9952966935199568,0.1982753755768706,-0.1698196854046494,0.412519320532224,1.959837254758763,0.41380820189462775,-0.44737324968479564,0.4154026027994106,0.6123322140567206,0.1493362462553793,2.202013924670674,0.20519381117795477
S36,0.3603877919884368,0.25998158359100265,-0.9883231711188,-0.47825441480721226,-1.0165635403022983,-0.7471177077657226,0.5228098335139527,-0.759689054723688,-0.4367230349995869,0.2757167484562725,1.679968741916119,1.0,2.220446049250313e-16,0.44698003960296084,0.3334629550706004,-0.36702783893897856,0.3147556062634345,0.19460745531955853,0.23101298651698982,2.333244404294999,0.5466614162505907,0.32570735788540145,0.20045204994057464,1.8192231833159362,0.5441384134079766,-0.9878088343194855,0.5491671814360513,0.12354769604396022,0.3748998760366616,1.4291170185749829,0.44532573170634104,-0.22565670309275412,0.5023166737897836,1.4182403547817783,0.12016596269169015,-1.060605066107789,0.3378848150670492,0.5507975723313122,0.2637367830498125,-1.2493952027107045,0.4524646695830735,1.5753894740768581,0.0932182061227306,-0.6758139708367561,0.04062935717394039,-0.5327254980465466,0.4197319573933808,0.014149265064353253,0.36526332118874694,-0.40688524435416146,0.5754859263203815,2.1450364207804133,0.08954028761679939,2.3391289515785516,0.4417852325659172,-1.500467712334639,0.32382135747885105,0.45061304949511205,0.2933154218576188,-0.7273212212953244,0.3325062048861093,-0.9785883897225846,0.314720980619649,-0.3560920484762813,0.3413790661984561
S37,-0.9904367029925739,-0.5623288563971351,0.13365673808089248,-0.12638944032151103,-0.2587139323926646,-0.4058255997671516,-0.194923928574242,-0.14596932108018518,0.08346879414080345,-0.6561849610685976,1.9677017611727627,1.0,1.1102230246251565e-16,0.5382563357946089,0.4737526928575604,-0.8275902204199398,0.08917514806890406,-0.7424705854879362,0.43144353619464987,0.1922826744815485,0.35108503224370974,-0.3695855287724236,0.40099694375353145,0.03993639731077558,0.20749581324893812,0.5347785458635895,0.13208665662881736,1.9541574337644545,0.27744950116338923,-0.6149504379633792,0.28710346659034747,-0.08560808936230807,0.06245007841002178,-1.5888184748304255,0.2881738348704263,-0.7170161489231051,0.5608013275699449,0.44477380789569176,0.18218694455348772,-1.107983041740083,0.17178147128900662,0.028790813835643626,0.29187932762260266,-1.5715780781977537,0.43840097094062275,0.8396638644743744,0.13084133584036514,-0.5964114077873205,0.4133211757037022,-0.5347566706736198,0.42508896579516403,0.8946771424790058,0.6489173234820785,-0.3340881586356679,0.2546060207547748,-0.3467095327345611,0.31353705931765424,0.08277290387748173,0.24207956740808184,0.7255161388237852,0.426517797894386,-1.3815917180654578,0.10387418789996018,0.10957158016747999,0.36965400535978404
S38,-0.38855776635703004,0.06671354148423536,0.2169039156466036,-0.4087134078219319,1.0328365520029112,0.04112746460741553,-0.5836498342168142,-0.7114707404431181,0.12304357176237136,-0.509718662201965,1.538921033728309,1.0,3.3306690738754696e-16,0.4647128864169394,0.34046220410246364,0.08614388313812091,0.18139749745536848,-1.3200225108463552,0.38687976021019077,1.9570636405557686,0.13941057604626686,-1.2981268846883873,0.4674355152035755,-0.23794354722021088,0.1937947313120766,-1.037017569105687,0.29893631402013454,-0.5057467040961143,0.2973675926316422,0.3250141363287936,0.20515210248463084,1.5076335589358272,0.4354437700393007,-1.3889081706280604,0.19451076843381124,-1.2845842653386526,0.10272247612393008,-0.8256536825738048,0.171892970512924,-1.4019080673099433,0.4198229253993504,0.11821199149078761,0.12935005514766454,-0.7937865237977941,0.44352682389611603,-1.3575175394532817,0.32750574850149805,-0.299181772292559,0.1412777499469272,0.29497145578327677,0.6034669008975112,0.9695480669270224,0.18626639539481818,0.6450378555014616,0.23121024686283925,0.973846257297582,0.4400307639755862,0.03678283327062336,0.027126752195815736,0.16343176067205445,0.6609010846342681,-1.7982147388052219,0.5929483893002673,-0.41643843309637046,0.44574191783478245
S39,0.2704663044147597,-0.5755258918616534,0.7982532604022978,-0.13070644581290788,-0.9177988660160022,-0.5956494892415419,0.4010579091020504,-0.1790150819014333,-0.35193447788205345,-0.03833812872686215,1.9089962640366842,1.0,2.220446049250313e-16,0.4558001577740528,0.43346376668602093,-1.0721390116934446,0.2888520759798477,-0.6117690907209165,0.20867813507832503,-0.24141441029290128,0.05369951548994858,1.5781068079321507,0.12791579245418194,0.2690240682139458,0.39173659785710696,0.7438156985479879,0.5146805029932751,-1.0589075867682785,0.1800598947569452,-0.4462426740635081,0.3569482999794101,-0.6921522118770891,0.0920630148030118,-0.5951034384664017,0.22190174670034968,0.9778155497238135,0.25836296342947707,0.14936348235731442,0.39670589681207996,1.320184197225126,0.23346542109232404,-0.6741905601419824,0.19306595004172766,0.14935620155191143,0.035930195465749236,-0.9006713822663546,0.3090666018759184,0.8089192694372533,0.2789410612672031,-1.497257644731703,0.1644219334624456,0.4713524908901446,0.06984079086096595,-0.012413219424345588,0.5268198911496275,-0.7468482587810512,0.3212658186958191,-2.384306787700592,0.3306799193500325,0.7454472821043848,0.2930990674380786,-2.223574167013167,0.14932316516690733,0.0019768448556132705,0.3298240899255619
S40,0.15331474327939845,-0.9029241271302172,-0.005814069988932915,0.1562067901861912,-0.7404927797381242,-0.8287040879010925,0.38276004846882217,-0.4305211469641701,0.5634919365426464,-0.22622352121680786,2.0642921690045823,1.0,-2.220446049250313e-16,0.5906178088153876,0.5160730422511455,-2.921350481637973,0.19122046404901066,-0.03703679694463892,0.09002499819996725,0.9519603635484003,0.3806987361056626,-1.1700176502767075,0.40373494198452503,0.2436370471058983,0.0549042835324885,0.11210494691391217,0.40089713682600786,1.4816634024853246,0.723754419331908,0.7540831703375163,0.08720531597496316,1.3080119156888137,0.6257518883853295,-0.28288672038692997,0.49244241405815076,-2.1056469410190832,0.2977516826848383,0.3641402961241407,0.2024517443898647,0.29760494287138184,0.3430824449809528,1.1775447248003894,0.3841686148129106,-0.20522838243302968,0.25996915860043185,-0.9642000711609758,0.4432956418443808,-0.5844552916710368,0.4770180100982217,1.280939576694505,0.2086997984846618,-0.36731764652413235,0.5452485679678547,-1.2336134236925442,0.23330830747946868,1.9072978364414015,0.18063380661030148,0.7451508643322836,0.40271808547001314,0.03849848579149553,0.013338125594690553,-0.5180690193071785,0.17296957661999926,1.5328733556579033,0.1697069302969916
